,products
0,Round shape Sunglasses Goggles for Men and Women - Combo of 2
1,"MH1A, Blue Cut Computer lens for eye protection from computer Tablet Laptop Mobile (Black- Goggles MH-1A)"
2,Day And Night Vision Sports Unisex Sunglasses (9181)
3,"Oval Shape Sunglasses Goggles for Men and Women (Red, Yellow) - Combo of 2"
4,Square Metal Body Kabir Singh Sunglass for Men & Boy
5,Round Boys and Girl's Sunglasses (Blue)
6,LATEST BLACK TRENDY FAMOUS BADSHAH | JAS MANAK | SAHIL KHAN SQUARE UNISEX STYLISH SUNGLASSES
7,Tony Stark Iron Man Avengers Infinity War Endgame Men's Sunglasses
8,Polarized Aviator Black Sunglasses with TAC Material Sunglasses For Men Latest and Sunglasses For men Stylish Wayfarer Sunglasses for Medium size धूप का चश्मा
9,Combo Pack of 5 Aviator Unisex Sunglasses With Pouch (Multicolor | Free Size | UV Protection)
10,"Black,Brown and Clear Stylish Unisex Sunglasses Combo (Latest Goggles)"
11,Day And Night Vision Sports Unisex Sunglasses (9181)
12,"Robert Downey Jr Iron Man Avengers Infinity War Sunglasses Goggles Sunglasses For Men, Women, Boys, Girls"
13,Branded Metal Body Square Inspired from Kabir Singh Sunglass for Men and Boys
14,"UV 400 Protection Unisex Sunglasses (aio5, Black) - Pack of 5"
15,Eye Pro Safety Welding Auto Darkening Lens Eye Protecting Goggles (Black)
16,Smooth Leg Covers Lightweight Square Kabir Singh Sunglasses for Men
17,Swimming Goggles Set
18,UV Protected Round Unisex Sunglasses with Digital Watch (Black) - Set of 2
19,Combo of Unisex Sunglasses (Multicolour)
20,Envee Optix Sunglas
21,Men's Sunglasses(Black)
22,ENVEE SUPER LOVE TOPGUN GA5 #3 C
23,UV Protection Aviator and Rectangular Unisex Sunglasses - Combo of 5 (Multi Color)
24,"The Steampunk Bible: An Illustrated Guide to the World of Imaginary Airships, Corsets and Goggles, Mad Scientists, and Strange Literature"
25,Round Unisex Sunglasses (Red)
26,"Goggles for Innovators, Entrepreneurs, Researchers"
27,Retro Steampunk Metal Round Sunglass for Men and Women
28,TechKing Pack of 2 Safety Goggles Eye Protection Glasses Anti-Droplets Protective Eyeglass with Clear Anti-Scratch
29,Thug Life Sunglasses with Polygonal 8 Bits Style Pixel and Nose Pad Limited Edition (Unisex) (Black)
30,Round Unisex Sunglasses pack of 4 (Multicolor)
31,Round shape Sunglasses Goggles for Men and Women - Combo of 2
32,"Collection Non-Polarized UV-Protected Round Unisex Sunglasses (EYE05, 55, Blue and Black) -Combo Pack of 2"
33,Outdoor Motorcycle Goggles Glasses Motorcycle Glasses Moto ATV Dirt Bike Ski Sport Climbing Racing Goggles
34,Round Unisex Sunglasses (Yellow)
35,Adult Motorbike ATV / Dirt Bike Racing Transparent Goggles With Adjustable Strap - Black
36,"Sunglasses (Gift item) Stylish New Lens Design Mirror Goggles Sunglasses For Men, Women, Boys, Girls"
37,UV Protected Mirror Reflector Goggle Unisex Sunglasses (Black)
38,Goggles (Picture Puffins)
39,Golden-Black UV Protection Octagonal Sunglasses/Frame For Men & Women
40,Matt Finish Club Master Wayfarer Uv Protected Unisex Sunglasses(Doit-006| 53| Frame-Black)
41,Tony stark style Sunglasses Original and Genuine (Gift item) Premium Quality Square
42,MediWeave Safety Goggles Protective Eye wear Clear Anti-Fog Eye Protection Goggles Safety (Pack of 3)
43,Ispite® Portable Wireless Sunglasses with Bluetooth Headset | Headphones with Polarized Lenses and Stereo Sound | Sunglasses for Men | Compatible with All Smartphones and Tablets (Black)
44,Cycling Motorbike ATV/Dirt Bike Racing Transparent Goggles with Adjustable Strap Unisex Sunglasses
45,Dealdona Day and Night HD Vision Goggles Anti-Glare Polarized Men's and Women's Sunglasses with UV Protection (Multicolour)
46,3M 1611 Clear Lens Safety Goggles (Pack of 1)
47,"Swimming Goggles Silicone Anti-Fog, UV Protection for Adults Men Women Kids with Protection Case Kit- No Leaking Swim Glasses Professional Adjustable Strap Comfort fit- Aqua Black"
48,"Combo of Black Men's Wallet, Sunglasses & Watch | Choose Any one | Brown Wallet, Army Design Wallet, Blue Wallet or Black Wallet"
49,Polarized Men Women Square Sunglasses Matte Finish
50,Tony Stark Steampunk Sunglasses
51,"Professional Anti Fog Clear Anti-UV Swimming Pool Water Adjustable Diving Mask Goggles with a Case Cover, Multicolour, Small"
52,Combo of Avenger Watches For Boys and Mirrored Sunglasses for Mens Combo offer Golden Blue Mercury Avaitor and Multi Color Goggle (NwCmbo-084|Blue|) - 1 Avenger Watch 2 Sunglass with Box
53,Classic Unisex UV 400 Protected Sunglasses Combo Latest for Men Women Boys Girls Cooling Stylish Goggles with 2 Plastic Hard Black Case
54,Royal Son Plastic Wayfarer Men's Sunglasses Combo
55,UV protected Square Men's Sunglasses (P358BK2|57 millimeters|Black)
56,FIREBIRD UV Protected Polarized Protected Aviator Sunglasses For Men Women Safe Driving (92250)
57,Unisex Sunglasses (Black)
58,Retro Clip on Aviator Sunglasses Polarized Flip up Lenses Driving Eyeglasses Men
59,Tony Stark Steampunk Sunglasses
